[{"model": "contenttypes.contenttype", "pk": 1, "fields": {"app_label": "admin", "model": "logentry"}}, {"model": "contenttypes.contenttype", "pk": 2, "fields": {"app_label": "auth", "model": "permission"}}, {"model": "contenttypes.contenttype", "pk": 3, "fields": {"app_label": "auth", "model": "group"}}, {"model": "contenttypes.contenttype", "pk": 4, "fields": {"app_label": "contenttypes", "model": "contenttype"}}, {"model": "contenttypes.contenttype", "pk": 5, "fields": {"app_label": "sessions", "model": "session"}}, {"model": "contenttypes.contenttype", "pk": 6, "fields": {"app_label": "bug", "model": "bug"}}, {"model": "contenttypes.contenttype", "pk": 7, "fields": {"app_label": "bug", "model": "image"}}, {"model": "contenttypes.contenttype", "pk": 8, "fields": {"app_label": "users", "model": "customuser"}}, {"model": "contenttypes.contenttype", "pk": 9, "fields": {"app_label": "bug", "model": "status"}}, {"model": "contenttypes.contenttype", "pk": 10, "fields": {"app_label": "bug", "model": "team"}}, {"model": "contenttypes.contenttype", "pk": 11, "fields": {"app_label": "bug", "model": "request"}}, {"model": "contenttypes.contenttype", "pk": 12, "fields": {"app_label": "users", "model": "group"}}, {"model": "sessions.session", "pk": "6vvkfi7ntkq5gp0kjclhnmlapyy1j9y0", "fields": {"session_data": "ZmIxZjYzMDc4MzVhNjY3MDQ3ZjMyOTlkZmNlMTEyNWI1OWE5Mjc4NDp7Il9hdXRoX3VzZXJfaWQiOiIyIiwiX2F1dGhfdXNlcl9iYWNrZW5kIjoiZGphbmdvLmNvbnRyaWIuYXV0aC5iYWNrZW5kcy5Nb2RlbEJhY2tlbmQiLCJfYXV0aF91c2VyX2hhc2giOiJkODg5OTU3ZmU4OGNiODUwOGUwZWQ3NjJiY2RhYzMzMmQyM2IwODg1In0=", "expire_date": "2020-02-20T16:54:37.005Z"}}, {"model": "sessions.session", "pk": "85ggwblu14jdwnig0ewkmz1pw3ezpib3", "fields": {"session_data": "ZmIxZjYzMDc4MzVhNjY3MDQ3ZjMyOTlkZmNlMTEyNWI1OWE5Mjc4NDp7Il9hdXRoX3VzZXJfaWQiOiIyIiwiX2F1dGhfdXNlcl9iYWNrZW5kIjoiZGphbmdvLmNvbnRyaWIuYXV0aC5iYWNrZW5kcy5Nb2RlbEJhY2tlbmQiLCJfYXV0aF91c2VyX2hhc2giOiJkODg5OTU3ZmU4OGNiODUwOGUwZWQ3NjJiY2RhYzMzMmQyM2IwODg1In0=", "expire_date": "2020-02-20T16:19:11.292Z"}}, {"model": "sessions.session", "pk": "8c63qwg1dkv8n2eoh9jo2uybamm0r4yw", "fields": {"session_data": "ZmIxZjYzMDc4MzVhNjY3MDQ3ZjMyOTlkZmNlMTEyNWI1OWE5Mjc4NDp7Il9hdXRoX3VzZXJfaWQiOiIyIiwiX2F1dGhfdXNlcl9iYWNrZW5kIjoiZGphbmdvLmNvbnRyaWIuYXV0aC5iYWNrZW5kcy5Nb2RlbEJhY2tlbmQiLCJfYXV0aF91c2VyX2hhc2giOiJkODg5OTU3ZmU4OGNiODUwOGUwZWQ3NjJiY2RhYzMzMmQyM2IwODg1In0=", "expire_date": "2020-02-20T17:37:53.092Z"}}, {"model": "sessions.session", "pk": "8i8rc5u2pgusduq6mbjig36glv260zrb", "fields": {"session_data": "ZmIxZjYzMDc4MzVhNjY3MDQ3ZjMyOTlkZmNlMTEyNWI1OWE5Mjc4NDp7Il9hdXRoX3VzZXJfaWQiOiIyIiwiX2F1dGhfdXNlcl9iYWNrZW5kIjoiZGphbmdvLmNvbnRyaWIuYXV0aC5iYWNrZW5kcy5Nb2RlbEJhY2tlbmQiLCJfYXV0aF91c2VyX2hhc2giOiJkODg5OTU3ZmU4OGNiODUwOGUwZWQ3NjJiY2RhYzMzMmQyM2IwODg1In0=", "expire_date": "2020-03-01T08:11:54.702Z"}}, {"model": "sessions.session", "pk": "fa5bll8omn744lncbiw4ky87j3v2ervd", "fields": {"session_data": "ZmIxZjYzMDc4MzVhNjY3MDQ3ZjMyOTlkZmNlMTEyNWI1OWE5Mjc4NDp7Il9hdXRoX3VzZXJfaWQiOiIyIiwiX2F1dGhfdXNlcl9iYWNrZW5kIjoiZGphbmdvLmNvbnRyaWIuYXV0aC5iYWNrZW5kcy5Nb2RlbEJhY2tlbmQiLCJfYXV0aF91c2VyX2hhc2giOiJkODg5OTU3ZmU4OGNiODUwOGUwZWQ3NjJiY2RhYzMzMmQyM2IwODg1In0=", "expire_date": "2020-02-20T17:49:07.388Z"}}, {"model": "sessions.session", "pk": "n9pedpj3270pwrqsjocfjpfgc68qts0q", "fields": {"session_data": "ZmIxZjYzMDc4MzVhNjY3MDQ3ZjMyOTlkZmNlMTEyNWI1OWE5Mjc4NDp7Il9hdXRoX3VzZXJfaWQiOiIyIiwiX2F1dGhfdXNlcl9iYWNrZW5kIjoiZGphbmdvLmNvbnRyaWIuYXV0aC5iYWNrZW5kcy5Nb2RlbEJhY2tlbmQiLCJfYXV0aF91c2VyX2hhc2giOiJkODg5OTU3ZmU4OGNiODUwOGUwZWQ3NjJiY2RhYzMzMmQyM2IwODg1In0=", "expire_date": "2020-02-11T16:25:06.820Z"}}, {"model": "sessions.session", "pk": "yolsw9qw5f22q3qfqdrcdl6a6we0gfx5", "fields": {"session_data": "ZmIxZjYzMDc4MzVhNjY3MDQ3ZjMyOTlkZmNlMTEyNWI1OWE5Mjc4NDp7Il9hdXRoX3VzZXJfaWQiOiIyIiwiX2F1dGhfdXNlcl9iYWNrZW5kIjoiZGphbmdvLmNvbnRyaWIuYXV0aC5iYWNrZW5kcy5Nb2RlbEJhY2tlbmQiLCJfYXV0aF91c2VyX2hhc2giOiJkODg5OTU3ZmU4OGNiODUwOGUwZWQ3NjJiY2RhYzMzMmQyM2IwODg1In0=", "expire_date": "2020-02-19T12:17:20.650Z"}}, {"model": "bug.image", "pk": 42, "fields": {"bug": 18, "image": "post_images/hello-photo-1480714378408-67cf0d13bc1b.jpeg"}}, {"model": "bug.image", "pk": 43, "fields": {"bug": 18, "image": ""}}, {"model": "bug.image", "pk": 44, "fields": {"bug": 18, "image": ""}}, {"model": "bug.image", "pk": 45, "fields": {"bug": 30, "image": "post_images/hello-landscape.png"}}, {"model": "bug.image", "pk": 46, "fields": {"bug": 31, "image": "post_images/this-is-solved-sunset.png"}}, {"model": "bug.image", "pk": 48, "fields": {"bug": 30, "image": "post_images/hello-sunset.png"}}, {"model": "bug.image", "pk": 49, "fields": {"bug": 30, "image": "post_images/hello-you-got-this-c_1.png"}}, {"model": "bug.image", "pk": 50, "fields": {"bug": 25, "image": "post_images/new-stuff-nature.jpg"}}, {"model": "bug.image", "pk": 52, "fields": {"bug": 28, "image": "post_images/new-stuff-nature_9qm9cgh.jpg"}}, {"model": "bug.image", "pk": 53, "fields": {"bug": 28, "image": "post_images/new-stuff-c_3.png"}}, {"model": "bug.image", "pk": 54, "fields": {"bug": 27, "image": "post_images/new-stuff-c_3_Kw4tZkf.png"}}, {"model": "bug.image", "pk": 55, "fields": {"bug": 27, "image": "post_images/new-stuff-c_3_dBhPmtv.png"}}, {"model": "bug.image", "pk": 56, "fields": {"bug": 32, "image": "post_images/terrible-bug-sunset.png"}}, {"model": "bug.image", "pk": 57, "fields": {"bug": 33, "image": "post_images/hllo-landscape.png"}}, {"model": "bug.image", "pk": 58, "fields": {"bug": 35, "image": "post_images/there-you-go-nature.jpg"}}, {"model": "bug.image", "pk": 59, "fields": {"bug": 35, "image": "post_images/there-you-go-sunset.png"}}, {"model": "bug.image", "pk": 65, "fields": {"bug": 34, "image": "post_images/small-bug-problem-c_3.png"}}, {"model": "bug.image", "pk": 66, "fields": {"bug": 34, "image": "post_images/small-bug-problem-sunset.png"}}, {"model": "bug.image", "pk": 69, "fields": {"bug": 43, "image": "post_images/this-is-the-best-nature.jpg"}}, {"model": "bug.image", "pk": 70, "fields": {"bug": 44, "image": "post_images/i-try-again-sunset.png"}}, {"model": "bug.image", "pk": 71, "fields": {"bug": 45, "image": "post_images/there-you-go-c_3.png"}}, {"model": "auth.permission", "pk": 1, "fields": {"name": "Can add log entry", "content_type": 1, "codename": "add_logentry"}}, {"model": "auth.permission", "pk": 2, "fields": {"name": "Can change log entry", "content_type": 1, "codename": "change_logentry"}}, {"model": "auth.permission", "pk": 3, "fields": {"name": "Can delete log entry", "content_type": 1, "codename": "delete_logentry"}}, {"model": "auth.permission", "pk": 4, "fields": {"name": "Can view log entry", "content_type": 1, "codename": "view_logentry"}}, {"model": "auth.permission", "pk": 5, "fields": {"name": "Can add permission", "content_type": 2, "codename": "add_permission"}}, {"model": "auth.permission", "pk": 6, "fields": {"name": "Can change permission", "content_type": 2, "codename": "change_permission"}}, {"model": "auth.permission", "pk": 7, "fields": {"name": "Can delete permission", "content_type": 2, "codename": "delete_permission"}}, {"model": "auth.permission", "pk": 8, "fields": {"name": "Can view permission", "content_type": 2, "codename": "view_permission"}}, {"model": "auth.permission", "pk": 9, "fields": {"name": "Can add group", "content_type": 3, "codename": "add_group"}}, {"model": "auth.permission", "pk": 10, "fields": {"name": "Can change group", "content_type": 3, "codename": "change_group"}}, {"model": "auth.permission", "pk": 11, "fields": {"name": "Can delete group", "content_type": 3, "codename": "delete_group"}}, {"model": "auth.permission", "pk": 12, "fields": {"name": "Can view group", "content_type": 3, "codename": "view_group"}}, {"model": "auth.permission", "pk": 13, "fields": {"name": "Can add content type", "content_type": 4, "codename": "add_contenttype"}}, {"model": "auth.permission", "pk": 14, "fields": {"name": "Can change content type", "content_type": 4, "codename": "change_contenttype"}}, {"model": "auth.permission", "pk": 15, "fields": {"name": "Can delete content type", "content_type": 4, "codename": "delete_contenttype"}}, {"model": "auth.permission", "pk": 16, "fields": {"name": "Can view content type", "content_type": 4, "codename": "view_contenttype"}}, {"model": "auth.permission", "pk": 17, "fields": {"name": "Can add session", "content_type": 5, "codename": "add_session"}}, {"model": "auth.permission", "pk": 18, "fields": {"name": "Can change session", "content_type": 5, "codename": "change_session"}}, {"model": "auth.permission", "pk": 19, "fields": {"name": "Can delete session", "content_type": 5, "codename": "delete_session"}}, {"model": "auth.permission", "pk": 20, "fields": {"name": "Can view session", "content_type": 5, "codename": "view_session"}}, {"model": "auth.permission", "pk": 21, "fields": {"name": "Can add bug", "content_type": 6, "codename": "add_bug"}}, {"model": "auth.permission", "pk": 22, "fields": {"name": "Can change bug", "content_type": 6, "codename": "change_bug"}}, {"model": "auth.permission", "pk": 23, "fields": {"name": "Can delete bug", "content_type": 6, "codename": "delete_bug"}}, {"model": "auth.permission", "pk": 24, "fields": {"name": "Can view bug", "content_type": 6, "codename": "view_bug"}}, {"model": "auth.permission", "pk": 25, "fields": {"name": "Can add image", "content_type": 7, "codename": "add_image"}}, {"model": "auth.permission", "pk": 26, "fields": {"name": "Can change image", "content_type": 7, "codename": "change_image"}}, {"model": "auth.permission", "pk": 27, "fields": {"name": "Can delete image", "content_type": 7, "codename": "delete_image"}}, {"model": "auth.permission", "pk": 28, "fields": {"name": "Can view image", "content_type": 7, "codename": "view_image"}}, {"model": "auth.permission", "pk": 29, "fields": {"name": "Can add user", "content_type": 8, "codename": "add_customuser"}}, {"model": "auth.permission", "pk": 30, "fields": {"name": "Can change user", "content_type": 8, "codename": "change_customuser"}}, {"model": "auth.permission", "pk": 31, "fields": {"name": "Can delete user", "content_type": 8, "codename": "delete_customuser"}}, {"model": "auth.permission", "pk": 32, "fields": {"name": "Can view user", "content_type": 8, "codename": "view_customuser"}}, {"model": "auth.permission", "pk": 33, "fields": {"name": "Can add status", "content_type": 9, "codename": "add_status"}}, {"model": "auth.permission", "pk": 34, "fields": {"name": "Can change status", "content_type": 9, "codename": "change_status"}}, {"model": "auth.permission", "pk": 35, "fields": {"name": "Can delete status", "content_type": 9, "codename": "delete_status"}}, {"model": "auth.permission", "pk": 36, "fields": {"name": "Can view status", "content_type": 9, "codename": "view_status"}}, {"model": "auth.permission", "pk": 37, "fields": {"name": "Can add team", "content_type": 10, "codename": "add_team"}}, {"model": "auth.permission", "pk": 38, "fields": {"name": "Can change team", "content_type": 10, "codename": "change_team"}}, {"model": "auth.permission", "pk": 39, "fields": {"name": "Can delete team", "content_type": 10, "codename": "delete_team"}}, {"model": "auth.permission", "pk": 40, "fields": {"name": "Can view team", "content_type": 10, "codename": "view_team"}}, {"model": "auth.permission", "pk": 41, "fields": {"name": "Can add request", "content_type": 11, "codename": "add_request"}}, {"model": "auth.permission", "pk": 42, "fields": {"name": "Can change request", "content_type": 11, "codename": "change_request"}}, {"model": "auth.permission", "pk": 43, "fields": {"name": "Can delete request", "content_type": 11, "codename": "delete_request"}}, {"model": "auth.permission", "pk": 44, "fields": {"name": "Can view request", "content_type": 11, "codename": "view_request"}}, {"model": "auth.permission", "pk": 45, "fields": {"name": "Can add group", "content_type": 12, "codename": "add_group"}}, {"model": "auth.permission", "pk": 46, "fields": {"name": "Can change group", "content_type": 12, "codename": "change_group"}}, {"model": "auth.permission", "pk": 47, "fields": {"name": "Can delete group", "content_type": 12, "codename": "delete_group"}}, {"model": "auth.permission", "pk": 48, "fields": {"name": "Can view group", "content_type": 12, "codename": "view_group"}}, {"model": "auth.group", "pk": 1, "fields": {"name": "Analysts", "permissions": []}}, {"model": "auth.group", "pk": 2, "fields": {"name": "Supervisors", "permissions": []}}, {"model": "auth.group", "pk": 3, "fields": {"name": "Developers", "permissions": []}}, {"model": "users.customuser", "pk": 1, "fields": {"password": "pbkdf2_sha256$180000$XGjVZFMZAQbO$JaUuvdm5kDVxsR9mkFBtRhtSUqp2NO/SRXf5QKDV9GE=", "last_login": "2020-02-16T08:08:27.291Z", "is_superuser": false, "username": "salmah", "first_name": "", "last_name": "", "email": "salmah91@yahoo.com", "is_staff": false, "is_active": true, "date_joined": "2020-01-25T23:38:21Z", "address": "", "postal": 0, "contact": "", "groups": [3], "user_permissions": []}}, {"model": "users.customuser", "pk": 2, "fields": {"password": "pbkdf2_sha256$180000$mTx2vI5DJFmv$SdgbTpwMOrbXGGHZMAVJI3TuL8x+Gir3AJMhqQiQGPY=", "last_login": "2020-02-16T08:11:54.696Z", "is_superuser": true, "username": "muzamir", "first_name": "Muhammad Muzamir", "last_name": "Bin Mohd Nasir", "email": "mu-za-mir@hotmail.com", "is_staff": true, "is_active": true, "date_joined": "2020-01-25T23:48:58Z", "address": "326A Anchorvale Road #04", "postal": 0, "contact": "+33684216339", "groups": [2], "user_permissions": []}}, {"model": "users.customuser", "pk": 3, "fields": {"password": "pbkdf2_sha256$180000$POmt7EwRNcLP$+6LjZX9zGedqXcA4HCV2HPBTM+fEU2w//sIJPmf41RQ=", "last_login": "2020-02-04T14:11:16.594Z", "is_superuser": false, "username": "bob", "first_name": "", "last_name": "", "email": "bob@gmail.com", "is_staff": false, "is_active": true, "date_joined": "2020-02-04T14:11:16.334Z", "address": "", "postal": 0, "contact": "", "groups": [], "user_permissions": []}}, {"model": "users.customuser", "pk": 4, "fields": {"password": "pbkdf2_sha256$180000$MSODALtmwhsD$b0xt5P3Yy5YsIT3pXrHvuOXE9snH4KvibtPs1To86nE=", "last_login": "2020-02-16T08:07:08.994Z", "is_superuser": false, "username": "farzana", "first_name": "", "last_name": "", "email": "farzana@gmail.com", "is_staff": false, "is_active": true, "date_joined": "2020-02-06T19:00:38Z", "address": "", "postal": 0, "contact": "", "groups": [1], "user_permissions": []}}, {"model": "users.customuser", "pk": 5, "fields": {"password": "pbkdf2_sha256$180000$REKsg5abNupW$JVXA0W3jmsSVKl8mwb9rRrbNfYnY3AKFrQWI3dWcapI=", "last_login": null, "is_superuser": false, "username": "darkhour6", "first_name": "", "last_name": "", "email": "spastik_bunneh91@yahoo.com", "is_staff": false, "is_active": true, "date_joined": "2020-02-13T09:29:25.203Z", "address": "", "postal": 0, "contact": "", "groups": [], "user_permissions": []}}, {"model": "users.customuser", "pk": 6, "fields": {"password": "pbkdf2_sha256$180000$SqFuE8wlKnjA$QvfWizBGvtkrrD41BZCsBbsk1zdMNYS+b6Xdj6QmGow=", "last_login": "2020-02-13T09:37:58.955Z", "is_superuser": false, "username": "sonic", "first_name": "", "last_name": "", "email": "spastik_bunneh91@yahoo.com", "is_staff": false, "is_active": true, "date_joined": "2020-02-13T09:33:36.126Z", "address": "", "postal": 0, "contact": "", "groups": [1], "user_permissions": []}}, {"model": "users.customuser", "pk": 7, "fields": {"password": "pbkdf2_sha256$180000$RRiIkIYCvVPm$OdtvvBsatJvctUah77oyOUH1j/HkKyzUYMQx6UWzKV8=", "last_login": "2020-02-13T09:41:22.078Z", "is_superuser": false, "username": "bob123", "first_name": "", "last_name": "", "email": "bobbuilder@gmail.com", "is_staff": false, "is_active": true, "date_joined": "2020-02-13T09:41:21.814Z", "address": "", "postal": 0, "contact": "", "groups": [1], "user_permissions": []}}, {"model": "users.customuser", "pk": 8, "fields": {"password": "pbkdf2_sha256$180000$lzOAYaxqMvDN$h8mdtYPR7zjw4XVSWB0hAr9HUIOg4HzSlmgQ3KbGDXg=", "last_login": "2020-02-13T09:59:04.510Z", "is_superuser": false, "username": "muzamir12312134", "first_name": "", "last_name": "", "email": "bob123@gmail.com", "is_staff": false, "is_active": true, "date_joined": "2020-02-13T09:59:04.228Z", "address": "", "postal": 0, "contact": "", "groups": [1], "user_permissions": []}}, {"model": "users.customuser", "pk": 9, "fields": {"password": "pbkdf2_sha256$180000$HrnxqFXExmoG$CMYqh3oX4VEem80Nzy0rVeBrCJMdXl497YccQR7klzI=", "last_login": "2020-02-16T08:07:21.435Z", "is_superuser": false, "username": "muthu", "first_name": "", "last_name": "", "email": "samy@gmail.com", "is_staff": false, "is_active": true, "date_joined": "2020-02-13T10:49:03.785Z", "address": "", "postal": 0, "contact": "", "groups": [1], "user_permissions": []}}, {"model": "users.customuser", "pk": 10, "fields": {"password": "pbkdf2_sha256$180000$FbSJTk7S7gZd$H9Zj8lEY54tuxn9yDgBp3rFCc/rja3PklRNwzpNGx68=", "last_login": "2020-02-15T00:15:11.798Z", "is_superuser": false, "username": "muse", "first_name": "", "last_name": "", "email": "muse@gmail.com", "is_staff": false, "is_active": true, "date_joined": "2020-02-15T00:15:11.159Z", "address": "", "postal": 0, "contact": "", "groups": [2], "user_permissions": []}}, {"model": "users.customuser", "pk": 11, "fields": {"password": "pbkdf2_sha256$180000$CJc7WTJRO4dB$or7vrGDjExNJodQu6fHHAV1vhQJQT0pcGbeP2NZvFMA=", "last_login": "2020-02-15T10:37:19.626Z", "is_superuser": false, "username": "adam", "first_name": "", "last_name": "", "email": "adam@hotmail.com", "is_staff": false, "is_active": true, "date_joined": "2020-02-15T10:37:19.354Z", "address": "", "postal": 0, "contact": "", "groups": [2], "user_permissions": []}}, {"model": "users.customuser", "pk": 12, "fields": {"password": "pbkdf2_sha256$180000$GVIAmt6cNuNE$n5nh+AtHKNh3k094uaKEbeuQ4fxp3xpvRCTjFYUaE7Q=", "last_login": "2020-02-15T10:47:58.465Z", "is_superuser": false, "username": "eve", "first_name": "", "last_name": "", "email": "eve@gmail.com", "is_staff": false, "is_active": true, "date_joined": "2020-02-15T10:47:58.208Z", "address": "", "postal": 0, "contact": "", "groups": [2], "user_permissions": []}}, {"model": "users.customuser", "pk": 13, "fields": {"password": "pbkdf2_sha256$180000$DsqmAQL6IjD0$EyjDRBQQH7NDcKbQqTCHuNHL3RwXZlU63Oz7phe0o8Q=", "last_login": null, "is_superuser": false, "username": "hello", "first_name": "", "last_name": "", "email": "hello@gmail.com", "is_staff": false, "is_active": true, "date_joined": "2020-02-15T11:15:58.863Z", "address": "", "postal": 0, "contact": "", "groups": [2], "user_permissions": []}}, {"model": "users.customuser", "pk": 14, "fields": {"password": "pbkdf2_sha256$180000$aJcc2qjfGKf5$0xAm5GCgHzusx80U3M61IJKQuvidiKSPu5+2p/vd4DI=", "last_login": "2020-02-15T11:17:05.521Z", "is_superuser": false, "username": "bob345", "first_name": "", "last_name": "", "email": "bob345@gmail.com", "is_staff": false, "is_active": true, "date_joined": "2020-02-15T11:17:05.264Z", "address": "", "postal": 0, "contact": "", "groups": [2], "user_permissions": []}}, {"model": "users.customuser", "pk": 15, "fields": {"password": "pbkdf2_sha256$180000$T0bamvPPi3RH$GjdT38hgY+Av7XcW5mPaBIcDdODdL6ezph5V9pEYkgg=", "last_login": "2020-02-15T23:39:35.942Z", "is_superuser": false, "username": "mooster", "first_name": "", "last_name": "", "email": "mooster21@gmail.com", "is_staff": false, "is_active": true, "date_joined": "2020-02-15T23:39:35.420Z", "address": "", "postal": 0, "contact": "", "groups": [2], "user_permissions": []}}, {"model": "bug.bug", "pk": 18, "fields": {"bug_title": "hello", "bug_description": "this is not a game", "bug_status": "new", "pub_date": "2020-01-26T00:02:47.723Z", "update_date": "2020-02-16T00:38:40.448Z", "reported_by": null, "severity": "Low", "supervisor": null}}, {"model": "bug.bug", "pk": 19, "fields": {"bug_title": "Big Bug", "bug_description": "hello helloo", "bug_status": "new", "pub_date": "2020-01-28T20:13:51.081Z", "update_date": "2020-02-16T00:38:40.448Z", "reported_by": 2, "severity": "Low", "supervisor": null}}, {"model": "bug.bug", "pk": 20, "fields": {"bug_title": "Not good", "bug_description": "Testing with description", "bug_status": "new", "pub_date": "2020-01-29T00:23:19.730Z", "update_date": "2020-02-16T00:38:40.448Z", "reported_by": 2, "severity": "Low", "supervisor": null}}, {"model": "bug.bug", "pk": 21, "fields": {"bug_title": "there you go", "bug_description": "hello", "bug_status": "new", "pub_date": "2020-01-29T00:44:25.961Z", "update_date": "2020-02-16T00:38:40.448Z", "reported_by": 2, "severity": "Low", "supervisor": null}}, {"model": "bug.bug", "pk": 22, "fields": {"bug_title": "there you go", "bug_description": "hello", "bug_status": "new", "pub_date": "2020-01-29T00:47:05.347Z", "update_date": "2020-02-16T00:38:40.448Z", "reported_by": 2, "severity": "Low", "supervisor": null}}, {"model": "bug.bug", "pk": 23, "fields": {"bug_title": "hello", "bug_description": "this is working", "bug_status": "new", "pub_date": "2020-01-29T00:59:51.479Z", "update_date": "2020-02-16T00:38:40.448Z", "reported_by": null, "severity": "Low", "supervisor": null}}, {"model": "bug.bug", "pk": 24, "fields": {"bug_title": "New stuff", "bug_description": "Hello", "bug_status": "new", "pub_date": "2020-01-29T01:01:25.587Z", "update_date": "2020-02-16T00:38:40.448Z", "reported_by": 2, "severity": "Low", "supervisor": null}}, {"model": "bug.bug", "pk": 25, "fields": {"bug_title": "New stuff", "bug_description": "Hello", "bug_status": "new", "pub_date": "2020-01-29T01:01:48.507Z", "update_date": "2020-02-16T00:38:40.448Z", "reported_by": 2, "severity": "Low", "supervisor": null}}, {"model": "bug.bug", "pk": 26, "fields": {"bug_title": "New stuff", "bug_description": "Hello", "bug_status": "new", "pub_date": "2020-01-29T01:03:27.594Z", "update_date": "2020-02-16T00:38:40.448Z", "reported_by": 2, "severity": "Low", "supervisor": null}}, {"model": "bug.bug", "pk": 27, "fields": {"bug_title": "New stuff", "bug_description": "Hello", "bug_status": "new", "pub_date": "2020-01-29T01:03:57.829Z", "update_date": "2020-02-16T00:38:40.448Z", "reported_by": 2, "severity": "Low", "supervisor": null}}, {"model": "bug.bug", "pk": 28, "fields": {"bug_title": "New stuff", "bug_description": "Hello", "bug_status": "new", "pub_date": "2020-01-29T01:04:47.672Z", "update_date": "2020-02-16T00:38:40.448Z", "reported_by": 2, "severity": "Low", "supervisor": null}}, {"model": "bug.bug", "pk": 29, "fields": {"bug_title": "New stuff", "bug_description": "Hello", "bug_status": "new", "pub_date": "2020-01-29T01:12:13.270Z", "update_date": "2020-02-16T00:38:40.448Z", "reported_by": null, "severity": "Low", "supervisor": null}}, {"model": "bug.bug", "pk": 30, "fields": {"bug_title": "hello you got this", "bug_description": "There is no reasons", "bug_status": "new", "pub_date": "2020-01-30T20:04:08.614Z", "update_date": "2020-02-16T00:38:40.448Z", "reported_by": 2, "severity": "Low", "supervisor": null}}, {"model": "bug.bug", "pk": 31, "fields": {"bug_title": "this is solved", "bug_description": "yes this is required. do you have a problem with this? ok", "bug_status": "new", "pub_date": "2020-01-30T20:05:06.078Z", "update_date": "2020-02-16T00:38:40.448Z", "reported_by": 2, "severity": "Low", "supervisor": null}}, {"model": "bug.bug", "pk": 32, "fields": {"bug_title": "Terrible Bug", "bug_description": "So terrible that everybody died", "bug_status": "new", "pub_date": "2020-02-05T05:25:15.168Z", "update_date": "2020-02-16T00:38:40.448Z", "reported_by": 2, "severity": "Low", "supervisor": null}}, {"model": "bug.bug", "pk": 33, "fields": {"bug_title": "hllo", "bug_description": "loladadllald", "bug_status": "new", "pub_date": "2020-02-05T05:25:34.966Z", "update_date": "2020-02-16T00:38:40.448Z", "reported_by": 2, "severity": "Low", "supervisor": null}}, {"model": "bug.bug", "pk": 34, "fields": {"bug_title": "Small bug problem", "bug_description": "Big Bug details", "bug_status": "Pending", "pub_date": "2020-02-05T07:23:50.327Z", "update_date": "2020-02-16T00:38:40.448Z", "reported_by": 2, "severity": "Low", "supervisor": null}}, {"model": "bug.bug", "pk": 35, "fields": {"bug_title": "There you go", "bug_description": "No this is go", "bug_status": "C", "pub_date": "2020-02-05T12:18:01.734Z", "update_date": "2020-02-16T00:38:40.448Z", "reported_by": 2, "severity": "Low", "supervisor": null}}, {"model": "bug.bug", "pk": 36, "fields": {"bug_title": "There is something going on here", "bug_description": "The best of the best can do the best while the rest goes to rest and lose the rest. Here we go again. Take a look at the images to learn more.", "bug_status": "Pending", "pub_date": "2020-02-05T12:21:45.494Z", "update_date": "2020-02-16T00:38:40.448Z", "reported_by": 2, "severity": "Low", "supervisor": null}}, {"model": "bug.bug", "pk": 38, "fields": {"bug_title": "Annie are you ok?", "bug_description": "muthu have a lot to say.....", "bug_status": "Pending", "pub_date": "2020-02-13T10:51:05.937Z", "update_date": "2020-02-16T00:42:29.831Z", "reported_by": 4, "severity": "Low", "supervisor": null}}, {"model": "bug.bug", "pk": 40, "fields": {"bug_title": "Algorithm", "bug_description": "The resistance.......", "bug_status": "Pending Approval", "pub_date": "2020-02-15T00:15:31.929Z", "update_date": "2020-02-16T00:38:40.448Z", "reported_by": 10, "severity": "Low", "supervisor": null}}, {"model": "bug.bug", "pk": 42, "fields": {"bug_title": "afnanflkaf", "bug_description": "afagag", "bug_status": "Completed", "pub_date": "2020-02-15T23:56:09.290Z", "update_date": "2020-02-16T00:38:40.448Z", "reported_by": 9, "severity": "Low", "supervisor": null}}, {"model": "bug.bug", "pk": 43, "fields": {"bug_title": "this is the best", "bug_description": "time to create a team", "bug_status": "Pending", "pub_date": "2020-02-17T08:19:01.964Z", "update_date": "2020-02-17T08:19:02.053Z", "reported_by": 2, "severity": "Low", "supervisor": null}}, {"model": "bug.bug", "pk": 44, "fields": {"bug_title": "i try again", "bug_description": "this should be wokring", "bug_status": "Pending", "pub_date": "2020-02-17T08:53:41.535Z", "update_date": "2020-02-17T08:53:41.583Z", "reported_by": 2, "severity": "Low", "supervisor": null}}, {"model": "bug.bug", "pk": 45, "fields": {"bug_title": "there you go", "bug_description": "hello this is great i beloeve", "bug_status": "Pending", "pub_date": "2020-02-17T08:54:02.326Z", "update_date": "2020-02-17T08:54:02.332Z", "reported_by": 2, "severity": "Low", "supervisor": null}}, {"model": "bug.bug", "pk": 46, "fields": {"bug_title": "this is awesome", "bug_description": "hello hello there", "bug_status": "Pending", "pub_date": "2020-02-17T09:13:34.488Z", "update_date": "2020-02-17T09:13:34.494Z", "reported_by": 2, "severity": "Low", "supervisor": null}}, {"model": "bug.bug", "pk": 47, "fields": {"bug_title": "Problem 27", "bug_description": "fgaghshajSHFAHAFDH", "bug_status": "Pending", "pub_date": "2020-02-17T09:25:42.487Z", "update_date": "2020-02-17T09:25:42.492Z", "reported_by": 2, "severity": "Low", "supervisor": null}}, {"model": "bug.bug", "pk": 48, "fields": {"bug_title": "trying to debug", "bug_description": "this is working or not?", "bug_status": "Pending", "pub_date": "2020-02-17T09:32:04.286Z", "update_date": "2020-02-17T09:32:04.296Z", "reported_by": 2, "severity": "Low", "supervisor": null}}, {"model": "admin.logentry", "pk": 1, "fields": {"action_time": "2020-01-25T23:59:33.105Z", "user": 2, "content_type": 7, "object_id": "41", "object_repr": "Image object (41)", "action_flag": 3, "change_message": ""}}, {"model": "admin.logentry", "pk": 2, "fields": {"action_time": "2020-01-25T23:59:33.111Z", "user": 2, "content_type": 7, "object_id": "40", "object_repr": "Image object (40)", "action_flag": 3, "change_message": ""}}, {"model": "admin.logentry", "pk": 3, "fields": {"action_time": "2020-01-25T23:59:33.115Z", "user": 2, "content_type": 7, "object_id": "39", "object_repr": "Image object (39)", "action_flag": 3, "change_message": ""}}, {"model": "admin.logentry", "pk": 4, "fields": {"action_time": "2020-01-25T23:59:33.121Z", "user": 2, "content_type": 7, "object_id": "38", "object_repr": "Image object (38)", "action_flag": 3, "change_message": ""}}, {"model": "admin.logentry", "pk": 5, "fields": {"action_time": "2020-01-25T23:59:33.125Z", "user": 2, "content_type": 7, "object_id": "37", "object_repr": "Image object (37)", "action_flag": 3, "change_message": ""}}, {"model": "admin.logentry", "pk": 6, "fields": {"action_time": "2020-01-25T23:59:33.129Z", "user": 2, "content_type": 7, "object_id": "36", "object_repr": "Image object (36)", "action_flag": 3, "change_message": ""}}, {"model": "admin.logentry", "pk": 7, "fields": {"action_time": "2020-01-25T23:59:33.135Z", "user": 2, "content_type": 7, "object_id": "35", "object_repr": "Image object (35)", "action_flag": 3, "change_message": ""}}, {"model": "admin.logentry", "pk": 8, "fields": {"action_time": "2020-01-25T23:59:33.141Z", "user": 2, "content_type": 7, "object_id": "34", "object_repr": "Image object (34)", "action_flag": 3, "change_message": ""}}, {"model": "admin.logentry", "pk": 9, "fields": {"action_time": "2020-01-25T23:59:33.146Z", "user": 2, "content_type": 7, "object_id": "33", "object_repr": "Image object (33)", "action_flag": 3, "change_message": ""}}, {"model": "admin.logentry", "pk": 10, "fields": {"action_time": "2020-01-25T23:59:33.151Z", "user": 2, "content_type": 7, "object_id": "32", "object_repr": "Image object (32)", "action_flag": 3, "change_message": ""}}, {"model": "admin.logentry", "pk": 11, "fields": {"action_time": "2020-01-25T23:59:33.155Z", "user": 2, "content_type": 7, "object_id": "31", "object_repr": "Image object (31)", "action_flag": 3, "change_message": ""}}, {"model": "admin.logentry", "pk": 12, "fields": {"action_time": "2020-01-25T23:59:33.159Z", "user": 2, "content_type": 7, "object_id": "30", "object_repr": "Image object (30)", "action_flag": 3, "change_message": ""}}, {"model": "admin.logentry", "pk": 13, "fields": {"action_time": "2020-01-25T23:59:33.164Z", "user": 2, "content_type": 7, "object_id": "29", "object_repr": "Image object (29)", "action_flag": 3, "change_message": ""}}, {"model": "admin.logentry", "pk": 14, "fields": {"action_time": "2020-01-25T23:59:33.169Z", "user": 2, "content_type": 7, "object_id": "28", "object_repr": "Image object (28)", "action_flag": 3, "change_message": ""}}, {"model": "admin.logentry", "pk": 15, "fields": {"action_time": "2020-01-25T23:59:33.173Z", "user": 2, "content_type": 7, "object_id": "27", "object_repr": "Image object (27)", "action_flag": 3, "change_message": ""}}, {"model": "admin.logentry", "pk": 16, "fields": {"action_time": "2020-01-25T23:59:33.176Z", "user": 2, "content_type": 7, "object_id": "26", "object_repr": "Image object (26)", "action_flag": 3, "change_message": ""}}, {"model": "admin.logentry", "pk": 17, "fields": {"action_time": "2020-01-25T23:59:33.180Z", "user": 2, "content_type": 7, "object_id": "25", "object_repr": "Image object (25)", "action_flag": 3, "change_message": ""}}, {"model": "admin.logentry", "pk": 18, "fields": {"action_time": "2020-01-25T23:59:33.184Z", "user": 2, "content_type": 7, "object_id": "24", "object_repr": "Image object (24)", "action_flag": 3, "change_message": ""}}, {"model": "admin.logentry", "pk": 19, "fields": {"action_time": "2020-01-25T23:59:33.188Z", "user": 2, "content_type": 7, "object_id": "23", "object_repr": "Image object (23)", "action_flag": 3, "change_message": ""}}, {"model": "admin.logentry", "pk": 20, "fields": {"action_time": "2020-01-25T23:59:33.191Z", "user": 2, "content_type": 7, "object_id": "22", "object_repr": "Image object (22)", "action_flag": 3, "change_message": ""}}, {"model": "admin.logentry", "pk": 21, "fields": {"action_time": "2020-01-25T23:59:33.195Z", "user": 2, "content_type": 7, "object_id": "21", "object_repr": "Image object (21)", "action_flag": 3, "change_message": ""}}, {"model": "admin.logentry", "pk": 22, "fields": {"action_time": "2020-01-25T23:59:33.198Z", "user": 2, "content_type": 7, "object_id": "20", "object_repr": "Image object (20)", "action_flag": 3, "change_message": ""}}, {"model": "admin.logentry", "pk": 23, "fields": {"action_time": "2020-01-25T23:59:33.203Z", "user": 2, "content_type": 7, "object_id": "19", "object_repr": "Image object (19)", "action_flag": 3, "change_message": ""}}, {"model": "admin.logentry", "pk": 24, "fields": {"action_time": "2020-01-25T23:59:33.207Z", "user": 2, "content_type": 7, "object_id": "18", "object_repr": "Image object (18)", "action_flag": 3, "change_message": ""}}, {"model": "admin.logentry", "pk": 25, "fields": {"action_time": "2020-01-25T23:59:33.211Z", "user": 2, "content_type": 7, "object_id": "17", "object_repr": "Image object (17)", "action_flag": 3, "change_message": ""}}, {"model": "admin.logentry", "pk": 26, "fields": {"action_time": "2020-01-25T23:59:33.217Z", "user": 2, "content_type": 7, "object_id": "16", "object_repr": "Image object (16)", "action_flag": 3, "change_message": ""}}, {"model": "admin.logentry", "pk": 27, "fields": {"action_time": "2020-01-25T23:59:33.221Z", "user": 2, "content_type": 7, "object_id": "15", "object_repr": "Image object (15)", "action_flag": 3, "change_message": ""}}, {"model": "admin.logentry", "pk": 28, "fields": {"action_time": "2020-01-25T23:59:33.225Z", "user": 2, "content_type": 7, "object_id": "14", "object_repr": "Image object (14)", "action_flag": 3, "change_message": ""}}, {"model": "admin.logentry", "pk": 29, "fields": {"action_time": "2020-01-25T23:59:33.229Z", "user": 2, "content_type": 7, "object_id": "13", "object_repr": "Image object (13)", "action_flag": 3, "change_message": ""}}, {"model": "admin.logentry", "pk": 30, "fields": {"action_time": "2020-01-25T23:59:33.234Z", "user": 2, "content_type": 7, "object_id": "12", "object_repr": "Image object (12)", "action_flag": 3, "change_message": ""}}, {"model": "admin.logentry", "pk": 31, "fields": {"action_time": "2020-01-25T23:59:33.239Z", "user": 2, "content_type": 7, "object_id": "11", "object_repr": "Image object (11)", "action_flag": 3, "change_message": ""}}, {"model": "admin.logentry", "pk": 32, "fields": {"action_time": "2020-01-25T23:59:33.243Z", "user": 2, "content_type": 7, "object_id": "10", "object_repr": "Image object (10)", "action_flag": 3, "change_message": ""}}, {"model": "admin.logentry", "pk": 33, "fields": {"action_time": "2020-01-25T23:59:33.247Z", "user": 2, "content_type": 7, "object_id": "9", "object_repr": "Image object (9)", "action_flag": 3, "change_message": ""}}, {"model": "admin.logentry", "pk": 34, "fields": {"action_time": "2020-01-25T23:59:33.251Z", "user": 2, "content_type": 7, "object_id": "8", "object_repr": "Image object (8)", "action_flag": 3, "change_message": ""}}, {"model": "admin.logentry", "pk": 35, "fields": {"action_time": "2020-01-25T23:59:33.255Z", "user": 2, "content_type": 7, "object_id": "7", "object_repr": "Image object (7)", "action_flag": 3, "change_message": ""}}, {"model": "admin.logentry", "pk": 36, "fields": {"action_time": "2020-01-25T23:59:33.258Z", "user": 2, "content_type": 7, "object_id": "6", "object_repr": "Image object (6)", "action_flag": 3, "change_message": ""}}, {"model": "admin.logentry", "pk": 37, "fields": {"action_time": "2020-01-25T23:59:33.264Z", "user": 2, "content_type": 7, "object_id": "5", "object_repr": "Image object (5)", "action_flag": 3, "change_message": ""}}, {"model": "admin.logentry", "pk": 38, "fields": {"action_time": "2020-01-25T23:59:33.268Z", "user": 2, "content_type": 7, "object_id": "4", "object_repr": "Image object (4)", "action_flag": 3, "change_message": ""}}, {"model": "admin.logentry", "pk": 39, "fields": {"action_time": "2020-01-25T23:59:33.272Z", "user": 2, "content_type": 7, "object_id": "3", "object_repr": "Image object (3)", "action_flag": 3, "change_message": ""}}, {"model": "admin.logentry", "pk": 40, "fields": {"action_time": "2020-01-25T23:59:33.278Z", "user": 2, "content_type": 7, "object_id": "2", "object_repr": "Image object (2)", "action_flag": 3, "change_message": ""}}, {"model": "admin.logentry", "pk": 41, "fields": {"action_time": "2020-01-25T23:59:33.283Z", "user": 2, "content_type": 7, "object_id": "1", "object_repr": "Image object (1)", "action_flag": 3, "change_message": ""}}, {"model": "admin.logentry", "pk": 42, "fields": {"action_time": "2020-01-25T23:59:41.485Z", "user": 2, "content_type": 6, "object_id": "17", "object_repr": "hello", "action_flag": 3, "change_message": ""}}, {"model": "admin.logentry", "pk": 43, "fields": {"action_time": "2020-01-25T23:59:41.500Z", "user": 2, "content_type": 6, "object_id": "16", "object_repr": "hello", "action_flag": 3, "change_message": ""}}, {"model": "admin.logentry", "pk": 44, "fields": {"action_time": "2020-01-25T23:59:41.506Z", "user": 2, "content_type": 6, "object_id": "15", "object_repr": "hello", "action_flag": 3, "change_message": ""}}, {"model": "admin.logentry", "pk": 45, "fields": {"action_time": "2020-01-25T23:59:41.510Z", "user": 2, "content_type": 6, "object_id": "14", "object_repr": "this is great", "action_flag": 3, "change_message": ""}}, {"model": "admin.logentry", "pk": 46, "fields": {"action_time": "2020-01-25T23:59:41.514Z", "user": 2, "content_type": 6, "object_id": "13", "object_repr": "hello", "action_flag": 3, "change_message": ""}}, {"model": "admin.logentry", "pk": 47, "fields": {"action_time": "2020-01-25T23:59:41.519Z", "user": 2, "content_type": 6, "object_id": "12", "object_repr": "hello", "action_flag": 3, "change_message": ""}}, {"model": "admin.logentry", "pk": 48, "fields": {"action_time": "2020-01-25T23:59:41.523Z", "user": 2, "content_type": 6, "object_id": "11", "object_repr": "hello", "action_flag": 3, "change_message": ""}}, {"model": "admin.logentry", "pk": 49, "fields": {"action_time": "2020-01-25T23:59:41.527Z", "user": 2, "content_type": 6, "object_id": "10", "object_repr": "hello", "action_flag": 3, "change_message": ""}}, {"model": "admin.logentry", "pk": 50, "fields": {"action_time": "2020-01-25T23:59:41.532Z", "user": 2, "content_type": 6, "object_id": "9", "object_repr": "hello", "action_flag": 3, "change_message": ""}}, {"model": "admin.logentry", "pk": 51, "fields": {"action_time": "2020-01-25T23:59:41.536Z", "user": 2, "content_type": 6, "object_id": "8", "object_repr": "not now", "action_flag": 3, "change_message": ""}}, {"model": "admin.logentry", "pk": 52, "fields": {"action_time": "2020-01-25T23:59:41.540Z", "user": 2, "content_type": 6, "object_id": "7", "object_repr": "hello", "action_flag": 3, "change_message": ""}}, {"model": "admin.logentry", "pk": 53, "fields": {"action_time": "2020-01-25T23:59:41.544Z", "user": 2, "content_type": 6, "object_id": "6", "object_repr": "hello", "action_flag": 3, "change_message": ""}}, {"model": "admin.logentry", "pk": 54, "fields": {"action_time": "2020-01-25T23:59:41.548Z", "user": 2, "content_type": 6, "object_id": "5", "object_repr": "hello", "action_flag": 3, "change_message": ""}}, {"model": "admin.logentry", "pk": 55, "fields": {"action_time": "2020-01-25T23:59:41.551Z", "user": 2, "content_type": 6, "object_id": "4", "object_repr": "hello", "action_flag": 3, "change_message": ""}}, {"model": "admin.logentry", "pk": 56, "fields": {"action_time": "2020-01-25T23:59:41.555Z", "user": 2, "content_type": 6, "object_id": "3", "object_repr": "there you go", "action_flag": 3, "change_message": ""}}, {"model": "admin.logentry", "pk": 57, "fields": {"action_time": "2020-01-25T23:59:41.559Z", "user": 2, "content_type": 6, "object_id": "2", "object_repr": "there you go", "action_flag": 3, "change_message": ""}}, {"model": "admin.logentry", "pk": 58, "fields": {"action_time": "2020-01-25T23:59:41.565Z", "user": 2, "content_type": 6, "object_id": "1", "object_repr": "there you go", "action_flag": 3, "change_message": ""}}, {"model": "admin.logentry", "pk": 59, "fields": {"action_time": "2020-02-13T00:22:31.286Z", "user": 2, "content_type": 3, "object_id": "1", "object_repr": "Analysts", "action_flag": 1, "change_message": "[{\"added\": {}}]"}}, {"model": "admin.logentry", "pk": 60, "fields": {"action_time": "2020-02-13T00:22:37.250Z", "user": 2, "content_type": 3, "object_id": "2", "object_repr": "Supervisors", "action_flag": 1, "change_message": "[{\"added\": {}}]"}}, {"model": "admin.logentry", "pk": 61, "fields": {"action_time": "2020-02-13T00:22:42.084Z", "user": 2, "content_type": 3, "object_id": "3", "object_repr": "Developers", "action_flag": 1, "change_message": "[{\"added\": {}}]"}}, {"model": "admin.logentry", "pk": 62, "fields": {"action_time": "2020-02-13T11:00:44.603Z", "user": 2, "content_type": 6, "object_id": "38", "object_repr": "Taking over", "action_flag": 2, "change_message": "[{\"changed\": {\"fields\": [\"Reported by\"]}}]"}}, {"model": "admin.logentry", "pk": 63, "fields": {"action_time": "2020-02-14T10:45:47.196Z", "user": 2, "content_type": 8, "object_id": "4", "object_repr": "farzana", "action_flag": 2, "change_message": "[{\"changed\": {\"fields\": [\"Groups\"]}}]"}}, {"model": "admin.logentry", "pk": 64, "fields": {"action_time": "2020-02-15T23:58:42.861Z", "user": 2, "content_type": 8, "object_id": "2", "object_repr": "muzamir", "action_flag": 2, "change_message": "[{\"changed\": {\"fields\": [\"Groups\"]}}]"}}, {"model": "admin.logentry", "pk": 65, "fields": {"action_time": "2020-02-16T08:08:11.042Z", "user": 2, "content_type": 8, "object_id": "1", "object_repr": "salmah", "action_flag": 2, "change_message": "[{\"changed\": {\"fields\": [\"Groups\"]}}]"}}]